Workbook

Sheet Task
A1: Practice Sheet
A4: A sample dataset is given with sheet name "Dataset"on which you have to perform following task . For help use excel guide shared in pdf. | O4: Carrots (Qty) | P4: Intervals | Q4: Bins | R4: Frequency
A5: All the tasks are to be done on this excel sheet . Make sure to highlight the particular task. | O5: 33 | P5: 20-29 | Q5: 29 | R5: {=FREQUENCY(O5:O19,Q5:Q12)} -> 3
O6: 54 | P6: 30-39 | Q6: 39 | R6: 2
A7: Tasks | O7: 51 | P7: 40-49 | Q7: 49 | R7: 2
A8: Sum | C8: of Total price | D8: =SUM(Dataset!I2:I50) -> 6507.28 | O8: 100 | P8: 50-59 | Q8: 59 | R8: 4
A9: Average | C9: of Unit | D9: =AVERAGE(Dataset!H2:H50) -> 2.117551 | O9: 44 | P9: 60-69 | Q9: 69 | R9: 2
A10: Max | C10: Quantity (QTY) | D10: =MAX(Dataset!G2:G50) -> 193 | O10: 23 | P10: 70-79 | Q10: 79 | R10: 0
A11: Min | C11: Quantity (QTY) | D11: =MIN(Dataset!G2:G50) -> 20 | O11: 61 | P11: 80-89 | Q11: 89 | R11: 0
A12: Mean | C12: Total Price | D12: =AVERAGE(Dataset!I2:I50) -> 132.80163 | O12: 38 | P12: 90-99 | Q12: 99 | R12: 1
A13: Median | C13: Total Price | D13: =MEDIAN(Dataset!I2:I50) -> 95.58 | O13: 58 | P13: 100-109 | R13: 1
A14: Mode | C14: Total Price | D14: =MODE(Dataset!I2:I50) -> 107.97 | O14: 91
A15: Frequency | C15: Carrot | D15: Intervals | E15: 20-29 | F15: 30-39 | G15: 40-49 | H15: 50-59 | I15: 60-69 | J15: 70-79 | K15: 80-89 | L15: 90-99 | M15: 100-109 | O15: 48
D16: Bins | E16: 29 | F16: 39 | G16: 49 | H16: 59 | I16: 69 | J16: 79 | K16: 89 | L16: 99 | O16: 20
D17: Frequency | E17: 3 | F17: 2 | G17: 2 | H17: 4 | I17: 2 | J17: 0 | K17: 0 | L17: 1 | M17: 1 | O17: 53
A18: Vlookup | C18: Cookies | D18: =VLOOKUP("Cookies",Dataset!E2:F50,2,FALSE) -> Chocolate Chip | O18: 25
A19: Charts | C19: City and Category | D19: Done | O19: 61
A20: Pivot Table | C20: Average Sales of items | D20: Done
C22: City | D22: (All)
C23: Category | D23: (All)
C25: Average of TotalPrice | D25: Column Labels
C26: Row Labels | D26: Arrowroot | E26: Bran | F26: Carrot | G26: Chocolate Chip | H26: Oatmeal Raisin | I26: Potato Chips | J26: Whole Wheat | K26: Grand Total
C27: East | D27: 78.48 | E27: 194.48 | F27: 99.474 | G27: 123.42 | H27: 429.78667 | I27: 100.575 | J27: 228.246 | K27: 154.60364
C28: West | E28: 78.54 | F28: 70.092 | G28: 112.574 | H28: 89.46 | I28: 80.64 | J28: 73.29 | K28: 87.835
C29: Grand Total | D29: 78.48 | E29: 155.83333 | F29: 89.68 | G29: 116.64125 | H29: 293.656 | I29: 95.59125 | J29: 202.42 | K29: 132.80163

Sheet Dataset
A1: ID | B1: Date | C1: Region | D1: City | E1: Category | F1: Product | G1: Qty | H1: UnitPrice | I1: TotalPrice
A2: ID07351 | B2: 44562 | C2: East | D2: Boston | E2: Bars | F2: Carrot | G2: 33 | H2: 1.77 | I2: =Sales_Data[[#This Row],[Qty]]*Sales_Data[[#This Row],[UnitPrice]] -> 58.41
A3: ID07352 | B3: 44565 | C3: East | D3: Boston | E3: Crackers | F3: Whole Wheat | G3: 87 | H3: 3.49 | I3: =Sales_Data[[#This Row],[Qty]]*Sales_Data[[#This Row],[UnitPrice]] -> 303.63
A4: ID07353 | B4: 44568 | C4: West | D4: Los Angeles | E4: Cookies | F4: Chocolate Chip | G4: 58 | H4: 1.87 | I4: =Sales_Data[[#This Row],[Qty]]*Sales_Data[[#This Row],[UnitPrice]] -> 108.46 | K4: =VLOOKUP(E5,Dataset!A2:I50,6,FALSE) -> #N/A
A5: ID07354 | B5: 44571 | C5: East | D5: New York | E5: Cookies | F5: Chocolate Chip | G5: 82 | H5: 1.87 | I5: =Sales_Data[[#This Row],[Qty]]*Sales_Data[[#This Row],[UnitPrice]] -> 153.34
A6: ID07355 | B6: 44574 | C6: East | D6: Boston | E6: Cookies | F6: Arrowroot | G6: 38 | H6: 2.18 | I6: =Sales_Data[[#This Row],[Qty]]*Sales_Data[[#This Row],[UnitPrice]] -> 82.84
A7: ID07356 | B7: 44577 | C7: East | D7: Boston | E7: Bars | F7: Carrot | G7: 54 | H7: 1.77 | I7: =Sales_Data[[#This Row],[Qty]]*Sales_Data[[#This Row],[UnitPrice]] -> 95.58
A8: ID07357 | B8: 44580 | C8: East | D8: Boston | E8: Crackers | F8: Whole Wheat | G8: 149 | H8: 3.49 | I8: =Sales_Data[[#This Row],[Qty]]*Sales_Data[[#This Row],[UnitPrice]] -> 520.01
A9: ID07358 | B9: 44583 | C9: West | D9: Los Angeles | E9: Bars | F9: Carrot | G9: 51 | H9: 1.77 | I9: =Sales_Data[[#This Row],[Qty]]*Sales_Data[[#This Row],[UnitPrice]] -> 90.27
A10: ID07359 | B10: 44586 | C10: East | D10: New York | E10: Bars | F10: Carrot | G10: 100 | H10: 1.77 | I10: =Sales_Data[[#This Row],[Qty]]*Sales_Data[[#This Row],[UnitPrice]] -> 177
A11: ID07360 | B11: 44589 | C11: East | D11: New York | E11: Snacks | F11: Potato Chips | G11: 28 | H11: 1.35 | I11: =Sales_Data[[#This Row],[Qty]]*Sales_Data[[#This Row],[UnitPrice]] -> 37.8
A12: ID07361 | B12: 44592 | C12: East | D12: Boston | E12: Cookies | F12: Arrowroot | G12: 36 | H12: 2.18 | I12: =Sales_Data[[#This Row],[Qty]]*Sales_Data[[#This Row],[UnitPrice]] -> 78.48
A13: ID07362 | B13: 44595 | C13: East | D13: Boston | E13: Cookies | F13: Chocolate Chip | G13: 31 | H13: 1.87 | I13: =Sales_Data[[#This Row],[Qty]]*Sales_Data[[#This Row],[UnitPrice]] -> 57.97
A14: ID07363 | B14: 44598 | C14: East | D14: Boston | E14: Crackers | F14: Whole Wheat | G14: 28 | H14: 3.49 | I14: =Sales_Data[[#This Row],[Qty]]*Sales_Data[[#This Row],[UnitPrice]] -> 97.72
A15: ID07364 | B15: 44601 | C15: West | D15: Los Angeles | E15: Bars | F15: Carrot | G15: 44 | H15: 1.77 | I15: =Sales_Data[[#This Row],[Qty]]*Sales_Data[[#This Row],[UnitPrice]] -> 77.88
A16: ID07365 | B16: 44604 | C16: East | D16: New York | E16: Bars | F16: Carrot | G16: 23 | H16: 1.77 | I16: =Sales_Data[[#This Row],[Qty]]*Sales_Data[[#This Row],[UnitPrice]] -> 40.71
... A50: ID07399 | B50: 44706 | C50: East | D50: Boston | E50: Cookies | F50: Arrowroot | G50: 27 | H50: 2.18 | I50: =Sales_Data[[#This Row],[Qty]]*Sales_Data[[#This Row],[UnitPrice]] -> 58.86
